{"cameraMatrix": [[190.14112476190869, 0.0, 314.21978947075246], [0.0, 189.58434197838213, 242.28772174609034], [0.0, 0.0, 1.0]], "distCoeffs": [[-0.005562059262966047], [-0.09072353423154736], [0.11199339786908202], [-0.05058905873405106]]}